{
    "name": "AzureSqlTable1",
    "properties": {
        "linkedServiceName": {
            "referenceName": "rodenkewsql",
            "type": "LinkedServiceReference"
        },
        "annotations": [],
        "type": "AzureSqlTable",
        "schema": [
            {
                "name": "countryOrRegion",
                "type": "nvarchar"
            },
            {
                "name": "holidayName",
                "type": "nvarchar"
            },
            {
                "name": "normalizeHolidayName",
                "type": "nvarchar"
            },
            {
                "name": "isPaidTimeOff",
                "type": "bit"
            },
            {
                "name": "countryRegionCode",
                "type": "nvarchar"
            },
            {
                "name": "date",
                "type": "datetime2",
                "scale": 7
            }
        ],
        "typeProperties": {
            "schema": "dxt",
            "table": "holidays"
        }
    }
}