{
    "now": "2024-06-07T19:56:56.656Z",
    "perfNow": 2025833591.8000002,
    "diagnosticCorrelation": "c0b56f8a-93e6-4275-b4fd-23595a0b6efc",
    "source": "DownloadSupportFiles",
    "environment": {
        "productName": "adf",
        "buildVersion": "1.0.042924.4",
        "environmentType": 3,
        "resourceName": "datafactoryqaaogpkbmturm",
        "resourceRegion": "eastus2",
        "resourceGroup": "rodenkew",
        "subscriptionId": "d3bb3b2e-9a7e-4194-9960-5171bd192117",
        "sessionId": "qcMWp+BpRlYgm7mDZ37Xyo",
        "operationId": "",
        "gitType": "live",
        "loggingKey": "fba4bece-a10e-425b-9c74-48da3c896643"
    },
    "additionalInfo": {
        "selectedResource": "PipelineWithWaitWithExpression",
        "selectedResourceType": "pipeline"
    }
}