{
    "name": "AzureSqlTable1",
    "properties": {
        "linkedServiceName": {
            "referenceName": "AzureSqlDatabase3",
            "type": "LinkedServiceReference",
            "parameters": {
                "dbName": {
                    "value": "@dataset().datasetDbName",
                    "type": "Expression"
                }
            }
        },
        "parameters": {
            "datasetDbName": {
                "type": "string",
                "defaultValue": "rodenkewSqlDb"
            }
        },
        "annotations": [],
        "type": "AzureSqlTable",
        "schema": []
    }
}