{
    "now": "2024-06-17T14:19:31.416Z",
    "perfNow": 211409378.9,
    "diagnosticCorrelation": "a09ba306-1338-4ee8-9b19-4e1d225293e2",
    "source": "DownloadSupportFiles",
    "environment": {
        "productName": "adf",
        "buildVersion": "1.0.061024.3",
        "environmentType": 3,
        "resourceName": "datafactoryqaaogpkbmturm",
        "resourceRegion": "eastus2",
        "resourceGroup": "rodenkew",
        "subscriptionId": "d3bb3b2e-9a7e-4194-9960-5171bd192117",
        "sessionId": "tida8VMnWAU7IJB8FQpJWf",
        "operationId": "",
        "gitType": "live",
        "loggingKey": "0fea7196-4eb4-4d80-a868-27025307794a"
    },
    "additionalInfo": {
        "selectedResource": "PipelineWithCopy_JsonToJson_Params_GlobalParams",
        "selectedResourceType": "pipeline"
    }
}