{
    "now": "2024-03-09T01:35:24.783Z",
    "perfNow": 410981763.40000004,
    "diagnosticCorrelation": "4d534613-cf87-4fd5-9aa6-bcf8a14b4a96",
    "source": "DownloadSupportFiles",
    "environment": {
        "productName": "adf",
        "buildVersion": "1.0.022224.6",
        "environmentType": 3,
        "resourceName": "datafactoryqaaogpkbmturm",
        "resourceRegion": "eastus2",
        "resourceGroup": "rodenkew",
        "subscriptionId": "d3bb3b2e-9a7e-4194-9960-5171bd192117",
        "sessionId": "SYzvOqQTZ6ZisLTa7iNKMZ",
        "operationId": "",
        "gitType": "live",
        "loggingKey": "80165879-3887-4565-b467-e5a019123b15"
    },
    "additionalInfo": {
        "selectedResource": "WaitPipeline",
        "selectedResourceType": "pipeline"
    }
}