{
    "name": "PipelineWithWebActivity",
    "properties": {
        "activities": [
            {
                "name": "Web1",
                "type": "WebActivity",
                "dependsOn": [],
                "policy": {
                    "timeout": "0.12:00:00",
                    "retry": 1,
                    "retryIntervalInSeconds": 30,
                    "secureOutput": true,
                    "secureInput": true
                },
                "userProperties": [],
                "typeProperties": {
                    "method": "GET",
                    "headers": {
                        "x-vacant": "NothingAtAll"
                    },
                    "disableCertValidation": {
                        "value": "@greater(dayOfWeek(utcNow()), 3)",
                        "type": "Expression"
                    },
                    "httpRequestTimeout": "00:02:00",
                    "turnOffAsync": {
                        "value": "@equals(dayOfWeek(utcNow()), 1)",
                        "type": "Expression"
                    },
                    "url": "www.bing.com/over/under",
                    "authentication": {
                        "type": "Basic",
                        "username": "admin",
                        "password": {
                            "type": "SecureString",
                            "value": "**********"
                        }
                    }
                }
            }
        ],
        "annotations": []
    }
}