{
    "name": "Json1",
    "properties": {
        "linkedServiceName": {
            "referenceName": "AzureBlobStorage2",
            "type": "LinkedServiceReference"
        },
        "parameters": {
            "container": {
                "type": "string",
                "defaultValue": "aaa"
            },
            "folder": {
                "type": "string"
            },
            "fileName": {
                "type": "string",
                "defaultValue": "otter.json"
            }
        },
        "annotations": [],
        "type": "Json",
        "typeProperties": {
            "location": {
                "type": "AzureBlobStorageLocation",
                "fileName": {
                    "value": "@dataset().fileName",
                    "type": "Expression"
                },
                "folderPath": {
                    "value": "@dataset().folder",
                    "type": "Expression"
                },
                "container": {
                    "value": "@dataset().container",
                    "type": "Expression"
                }
            }
        },
        "schema": {}
    },
    "type": "Microsoft.DataFactory/factories/datasets"
}