{
    "name": "AzureSqlTable_DatasetParamsOverrideLSP_Source",
    "properties": {
        "linkedServiceName": {
            "referenceName": "rodenkewsql",
            "type": "LinkedServiceReference",
            "parameters": {
                "InitialCatalog": {
                    "value": "@dataset().databaseName",
                    "type": "Expression"
                }
            }
        },
        "parameters": {
            "databaseName": {
                "type": "string",
                "defaultValue": "alfalfa"
            },
            "databaseTable": {
                "type": "string",
                "defaultValue": "alpaca"
            }
        },
        "annotations": [],
        "type": "AzureSqlTable",
        "schema": [],
        "typeProperties": {
            "schema": "db",
            "table": {
                "value": "@dataset().databaseTable",
                "type": "Expression"
            }
        }
    }
}