{
    "name": "WaitPipeline",
    "properties": {
        "activities": [
            {
                "name": "Wait10Seconds",
                "description": "This activity waits 10 seconds",
                "type": "Wait",
                "dependsOn": [],
                "userProperties": [
                    {
                        "name": "UserProperty1",
                        "value": "\"Value1\""
                    }
                ],
                "typeProperties": {
                    "waitTimeInSeconds": 10
                }
            }
        ],
        "concurrency": 3,
        "annotations": []
    }
}